url,owner,name,description,stars,forks,watchers,language,license_name,has_package_swift,swift_tools_version,dependencies_count,linux_compatible,android_compatible,current_state,created_at,updated_at,pushed_at,last_fetched
https://swiftpackageindex.com/pusher/pusher-http-swift.git,pusher,pusher-http-swift,Swift library for interacting with the Pusher Channels HTTP API,7,2,7,Swift,,True,5.3,5,True,False,tracking,2021-03-31T09:30:55,2023-10-18T21:20:22,2023-04-04T11:40:01,2025-08-12T02:37:42.794420
https://swiftpackageindex.com/faberNovel/xcresource-cli.git,faberNovel,xcresource-cli,A Xcode resources CLI,56,1,56,Swift,,True,5.2,1,True,False,tracking,2020-05-20T13:40:04,2025-04-29T09:30:44,2021-09-06T15:40:10,2025-08-12T02:37:47.468690
https://swiftpackageindex.com/mongodb/mongo-swift-driver.git,mongodb,mongo-swift-driver,The official MongoDB driver for Swift,350,65,350,Swift,,True,5.2,4,True,False,tracking,2018-01-18T19:55:11,2025-08-05T08:47:53,2023-08-28T23:54:19,2025-08-12T02:37:52.207066
https://swiftpackageindex.com/brightdigit/NPMPublishPlugin.git,brightdigit,NPMPublishPlugin,A Publish plugin that makes it easy to run npm commands for any Publish website.,1,2,1,Swift,,True,5.8,2,True,False,tracking,2023-05-31T17:59:50,2023-06-13T14:35:50,2023-07-27T15:44:15,2025-08-12T02:37:56.923398
https://swiftpackageindex.com/DiscordBM/DiscordBM.git,DiscordBM,DiscordBM,"A Multiplatform Swift Discord Library, Primarily For Making Bots",109,12,109,Swift,,True,5.10,8,True,False,tracking,2022-09-06T20:31:41,2025-08-04T12:40:53,2025-07-05T21:04:02,2025-08-12T02:38:01.612632
https://swiftpackageindex.com/agisboye/swiftlmdb.git,agisboye,swiftlmdb,Simple & fast key value store in Swift,117,20,117,Swift,,True,5.7,1,True,False,tracking,2016-10-04T19:55:21,2025-04-19T14:22:46,2024-12-13T23:27:46,2025-08-12T02:38:06.294257
https://swiftpackageindex.com/tuist/XcodeGraph.git,tuist,XcodeGraph,·ç® A Swift Package with data structures to model Xcode workspaces and projects,85,35,85,Swift,,True,5.10,8,True,False,tracking,2024-06-05T10:08:48,2025-08-11T22:37:34,2025-08-11T22:37:29,2025-08-12T02:38:10.954003
https://swiftpackageindex.com/typelift/Swiftz.git,typelift,Swiftz,Functional programming in Swift,3337,232,3337,Swift,,True,4.0,2,True,False,tracking,2014-06-02T23:42:15,2025-07-18T14:02:35,2022-06-30T07:38:54,2025-08-12T02:38:15.654340
https://swiftpackageindex.com/seznam/swift-unisocket.git,seznam,swift-unisocket,Sockets for Swift,1,2,1,Swift,,True,5.2,1,True,False,tracking,2018-05-24T08:06:24,2020-05-20T05:51:07,2020-05-20T05:51:37,2025-08-12T02:38:20.340450
https://swiftpackageindex.com/MFB-Technologies-Inc/SwiftyBeaver.git,MFB-Technologies-Inc,SwiftyBeaver,Fork - Convenient & secure logging during development & release,0,0,0,Swift,,True,6.0,1,True,False,tracking,2025-02-27T03:22:24,2025-05-07T15:35:53,2025-05-07T15:38:04,2025-08-12T02:38:25.039882
https://swiftpackageindex.com/valkey-io/valkey-swift.git,valkey-io,valkey-swift,Valkey client written in Swift,64,7,64,Swift,,True,6.1,9,True,False,tracking,2025-03-21T10:44:29,2025-08-12T01:13:51,2025-08-11T10:19:14,2025-08-12T02:38:29.758310
https://swiftpackageindex.com/ordo-one/package-latency-tools.git,ordo-one,package-latency-tools,Simple latency tools for benchmarking,1,0,1,Swift,,True,5.7,1,True,False,tracking,2022-04-15T10:18:39,2023-11-22T08:20:08,2023-11-24T11:06:05,2025-08-12T02:38:34.455815
https://swiftpackageindex.com/shackley/swift-blade.git,shackley,swift-blade,A macro powered dependency injection framework for Swift,80,3,80,Swift,,True,6.0,2,True,False,tracking,2023-09-20T05:57:51,2025-07-31T07:09:12,2025-03-31T00:40:39,2025-08-12T02:38:39.130751
https://swiftpackageindex.com/jkolb/FranticApparatus.git,jkolb,FranticApparatus,Promises framework for Swift 5,25,0,25,Swift,,True,5.0,0,True,False,tracking,2013-02-17T22:03:55,2020-11-17T21:39:45,2019-06-02T19:31:16,2025-08-12T02:38:43.790117
https://swiftpackageindex.com/ChimeHQ/LanguageClient.git,ChimeHQ,LanguageClient,Language Server Protocol (LSP) client for Swift,120,12,120,Swift,,True,5.9,7,True,False,tracking,2021-11-23T18:17:20,2025-07-29T17:10:29,2025-06-04T10:52:36,2025-08-12T02:38:48.487446
https://swiftpackageindex.com/apple/pkl-swift.git,apple,pkl-swift,Pkl bindings for the Swift programming language,177,29,177,Swift,,True,5.10,5,True,False,tracking,2024-01-19T17:28:59,2025-08-07T15:51:17,2025-08-07T15:51:13,2025-08-12T02:38:53.179322
https://swiftpackageindex.com/bow-swift/Swiftline.git,bow-swift,Swiftline,Swiftline is a set of tools to help you create command line applications.,4,2,4,Swift,,True,5.1,2,True,False,tracking,2019-08-14T10:57:41,2022-10-23T14:03:10,2021-11-02T07:30:12,2025-08-12T02:38:57.943629
https://swiftpackageindex.com/loopwerk/SagaSwimRenderer.git,loopwerk,SagaSwimRenderer,A renderer for Saga that uses Swim to turn a RenderingContext into a String,4,2,4,Swift,,True,5.5,2,True,False,tracking,2021-02-10T19:35:17,2025-06-23T19:46:25,2025-06-23T19:46:30,2025-08-12T02:39:02.571125
https://swiftpackageindex.com/perfectlysoft/perfect-thread.git,perfectlysoft,perfect-thread,"Core threading library for Perfect Server Side Swift. Includes support for serial and concurrent thread queues, locks, read/write locks and events.",18,17,18,Swift,,True,4.0,1,True,False,tracking,2016-06-02T17:16:25,2022-07-29T12:27:08,2019-07-18T16:17:23,2025-08-12T02:39:07.322868
https://swiftpackageindex.com/GetAutomaApp/SwiftWebDriver.git,GetAutomaApp,SwiftWebDriver,This library allows you to work with selenium webdriver on server-side swift,2,0,2,Swift,,True,6.1.0,3,True,False,tracking,2025-03-15T19:05:25,2025-08-08T20:15:45,2025-08-11T13:34:33,2025-08-12T02:39:12.091802
https://swiftpackageindex.com/stackotter/swift-arg-parser.git,stackotter,swift-arg-parser,"Straightforward, type-safe argument parsing for Swift. Renamed to avoid dependency conflicts.",1,1,1,Swift,,True,5.5,0,True,False,tracking,2022-04-01T22:43:49,2024-07-11T11:35:46,2024-01-18T13:12:22,2025-08-12T02:39:16.769290
https://swiftpackageindex.com/swifweb/webber.git,swifweb,webber,üë®‚Äçüç≥ Web apps cook tool. It helps to debug and release your SwifWeb apps.,46,4,46,Swift,,True,5.7,0,True,False,tracking,2021-02-15T14:24:53,2025-05-09T18:17:44,2024-10-20T02:19:39,2025-08-12T02:39:21.441294
https://swiftpackageindex.com/RxSwiftCommunity/RxDataSources.git,RxSwiftCommunity,RxDataSources,"UITableView and UICollectionView Data Sources for RxSwift (sections, animated updates, editing ...)",3104,503,3104,Swift,,True,5.1,1,True,False,tracking,2016-01-01T18:03:22,2025-08-07T09:59:37,2024-07-10T15:57:11,2025-08-12T02:39:26.167275
https://swiftpackageindex.com/Fleuronic/Ergo.git,Fleuronic,Ergo,"üß© Library to facilitate use of Square‚Äôs Workflow with SwiftUI, UIKit, and AppKit",2,0,2,Swift,,True,6.0,1,True,False,tracking,2022-08-26T03:51:52,2024-10-28T22:35:59,2024-10-28T22:35:55,2025-08-12T02:39:30.899702
https://swiftpackageindex.com/Decybel07/L10n-swift.git,Decybel07,L10n-swift,"Localization of the application with ability to change language ""on the fly"" and support for plural form in any language.",319,31,319,Swift,,True,5.3,0,True,False,tracking,2017-05-11T15:35:52,2025-07-07T06:11:18,2024-07-13T10:29:12,2025-08-12T02:39:35.560397
https://swiftpackageindex.com/flx/lsm303.git,flx,lsm303,LSM303 Accelerometer access through Swift on Raspberry Pi,3,1,3,Swift,,True,4.0,1,True,False,tracking,2019-01-21T13:33:30,2020-02-13T12:52:51,2019-01-27T16:29:25,2025-08-12T02:39:40.132358
https://swiftpackageindex.com/yonaskolb/XcodeGen.git,yonaskolb,XcodeGen,A Swift command line tool for generating your Xcode project,7626,849,7626,Swift,,True,5.9,9,True,False,tracking,2017-07-19T12:56:04,2025-08-12T02:10:39,2025-07-25T03:27:54,2025-08-12T02:39:44.920237
https://swiftpackageindex.com/akkyie/Tablier.git,akkyie,Tablier,A micro-framework for Table Driven Tests.,35,1,35,Swift,,True,5.0,0,True,False,tracking,2019-06-02T13:56:01,2024-06-07T05:31:16,2022-08-16T08:31:42,2025-08-12T02:39:49.599157
https://swiftpackageindex.com/swiftwasm/JavaScriptKit.git,swiftwasm,JavaScriptKit,Swift framework to interact with JavaScript through WebAssembly.,784,55,784,Swift,,True,6.0,1,True,False,tracking,2020-03-04T07:10:29,2025-08-12T01:52:35,2025-08-12T01:52:32,2025-08-12T02:39:54.372466
https://swiftpackageindex.com/MarSe32m/GLMSwift.git,MarSe32m,GLMSwift,Maths in swift :),1,0,1,Swift,,True,5.3,0,True,False,tracking,2020-09-30T08:02:06,2024-02-15T15:11:27,2022-07-18T13:24:13,2025-08-12T02:39:58.993284
https://swiftpackageindex.com/flyer2001/ChatGPTSwift.git,flyer2001,ChatGPTSwift,Access ChatGPT API using Swift,0,0,0,Swift,,True,5.7,2,True,False,tracking,2023-07-02T18:01:45,2023-07-02T18:03:49,2023-07-02T20:01:33,2025-08-12T02:40:03.683881
https://swiftpackageindex.com/netreconlab/Parse-Swift.git,netreconlab,Parse-Swift,"The original (OG) Swift SDK for Parse Platform (iOS, macOS, watchOS, tvOS, visionOS, Linux, Android, Windows). This repo is maintained by Parse-Swift's original developer and all new features and bug fixes will occur here.",68,7,68,Swift,,True,5.7,0,True,False,tracking,2022-10-22T13:25:41,2025-08-07T10:51:15,2025-05-14T18:09:35,2025-08-12T02:40:08.453454
https://swiftpackageindex.com/fitnesskit/asyncnetwork.git,fitnesskit,asyncnetwork,"Asynchronous Network support for Swift.  UDP, Multicast UDP",7,3,7,Swift,,True,4.0,0,True,False,tracking,2017-03-08T14:34:30,2024-03-19T20:16:49,2018-06-24T18:01:11,2025-08-12T02:40:13.079908
https://swiftpackageindex.com/RxSwiftCommunity/RxNimble.git,RxSwiftCommunity,RxNimble,Nimble extensions making unit testing with RxSwift easier :tada:,264,67,264,Swift,,True,5.7.1,3,True,False,tracking,2016-01-07T14:24:39,2025-08-07T09:54:47,2023-10-17T20:05:34,2025-08-12T02:40:17.724029
https://swiftpackageindex.com/vadymmarkov/Fakery.git,vadymmarkov,Fakery,:alien: Swift fake data generator,1819,186,1819,Swift,,True,5.3,2,True,False,tracking,2015-03-30T11:31:58,2025-08-07T09:50:58,2023-04-24T11:19:13,2025-08-12T02:40:22.561181
https://swiftpackageindex.com/dominicegginton/Nanoseconds.git,dominicegginton,Nanoseconds,Simple high-resolution timing for Swift,5,2,5,Swift,,True,5.0,0,True,False,tracking,2020-04-29T01:48:10,2024-10-27T00:08:52,2024-09-01T10:17:17,2025-08-12T02:40:27.397574
https://swiftpackageindex.com/norio-nomura/xctassertcrash.git,norio-nomura,xctassertcrash,Asserts that an expression crashes by using Mach Exception Handler or POSIX Signal Handler.,51,3,51,Swift,,True,5.0,1,True,False,tracking,2019-07-21T08:55:47,2023-07-06T14:33:38,2019-11-04T10:21:56,2025-08-12T02:40:32.075342
https://swiftpackageindex.com/yonaskolb/Mint.git,yonaskolb,Mint,A package manager that installs and runs executable Swift packages,2393,132,2393,Swift,,True,5.9,4,True,False,tracking,2017-09-26T21:34:12,2025-08-06T18:11:11,2025-06-04T14:06:19,2025-08-12T02:40:36.769926
https://swiftpackageindex.com/openalloc/SwiftRegressor.git,openalloc,SwiftRegressor,A linear regression tool that‚Äôs flexible and easy to use,6,1,6,Swift,,True,5.7,1,True,False,tracking,2021-11-18T19:47:13,2024-05-03T23:45:15,2023-05-01T23:59:21,2025-08-12T02:40:41.438717
https://swiftpackageindex.com/OperatorFoundation/Net.git,OperatorFoundation,Net,,0,0,0,Swift,,True,5.10,5,True,False,tracking,2021-11-08T18:41:59,2024-06-19T16:56:24,2024-10-29T17:58:03,2025-08-12T02:40:46.076006
https://swiftpackageindex.com/agisboye/CLMDB.git,agisboye,CLMDB,,6,6,6,Swift,,True,5.7,0,True,False,tracking,2017-04-06T09:40:46,2024-12-13T23:22:19,2024-12-13T23:25:20,2025-08-12T02:40:50.812706
https://swiftpackageindex.com/kylef/JSONWebToken.swift.git,kylef,JSONWebToken.swift,Swift implementation of JSON Web Token (JWT).,758,225,758,Swift,,True,4.0,2,True,False,tracking,2015-04-03T01:48:07,2025-07-01T07:03:51,2021-06-03T04:10:13,2025-08-12T02:40:55.467484
https://swiftpackageindex.com/asensei/vapor-fluent-mongo.git,asensei,vapor-fluent-mongo,"Swift ORM (queries, models, relations, etc) built on MongoDB.",7,1,7,Swift,,True,5.7,2,True,False,tracking,2018-12-05T14:37:54,2022-04-18T13:34:06,2023-12-14T08:29:11,2025-08-12T02:41:00.113092
https://swiftpackageindex.com/lachlanbell/SwiftOTP.git,lachlanbell,SwiftOTP,A Swift library for generating One Time Passwords (OTP),300,64,300,Swift,,True,5.1,1,True,False,tracking,2018-01-15T05:41:04,2025-07-19T03:29:34,2025-02-12T10:24:45,2025-08-12T02:41:04.814389
https://swiftpackageindex.com/groue/GRDB.swift.git,groue,GRDB.swift,"A toolkit for SQLite databases, with a focus on application development",7689,770,7689,Swift,,True,6.0,1,True,False,tracking,2015-06-30T11:17:06,2025-08-11T04:33:59,2025-07-26T09:06:56,2025-08-12T02:41:09.535786
https://swiftpackageindex.com/0xLeif/AppDependency.git,0xLeif,AppDependency,üß† Effortless Dependency Injection for Swift Applications. Dependency only mirror of AppState,4,0,4,Swift,,True,5.9,1,True,False,tracking,2024-03-07T01:20:46,2024-11-13T11:10:54,2024-03-10T17:30:57,2025-08-12T02:41:14.220710
https://swiftpackageindex.com/getGuaka/FileUtils.git,getGuaka,FileUtils,"Easy way to work with files, directories and paths in swift on macOS and linux.",33,5,33,Swift,,True,4.0,0,True,False,tracking,2016-11-12T15:00:37,2025-01-14T01:25:51,2018-10-04T11:53:04,2025-08-12T02:41:18.935684
https://swiftpackageindex.com/jmfieldman/phalanx.git,jmfieldman,phalanx,Cassandra migration tool written in Swift,0,0,0,Swift,,True,5.7,4,True,False,tracking,2023-01-21T21:51:42,2023-01-21T22:06:06,2023-01-22T02:30:36,2025-08-12T02:41:23.613269
https://swiftpackageindex.com/vapor/fluent-mongo-driver.git,vapor,fluent-mongo-driver,MongoDB support for Fluent built on MongoKittten.,27,13,27,Swift,,True,5.9,3,True,False,tracking,2020-02-17T16:39:49,2025-04-10T22:56:30,2024-10-06T01:49:00,2025-08-12T02:41:28.280290
https://swiftpackageindex.com/ReactiveCocoa/reactiveswift-composable-architecture.git,ReactiveCocoa,reactiveswift-composable-architecture,"A library for building applications in a consistent and understandable way, with composition, testing, and ergonomics in mind.",161,16,161,Swift,,True,5.6,10,True,False,tracking,2020-05-22T08:35:22,2025-06-10T09:33:21,2023-01-31T23:41:06,2025-08-12T02:41:32.946971
https://swiftpackageindex.com/KreuzKummelll/FarmhouseCore.git,KreuzKummelll,FarmhouseCore,,1,0,1,Swift,,True,5.2,4,True,False,tracking,2020-07-07T00:50:14,2021-05-09T05:55:14,2021-05-09T05:55:12,2025-08-12T02:41:37.603503
https://swiftpackageindex.com/glessard/shuffle.git,glessard,shuffle,Shuffle a Collection,3,0,3,Swift,,True,4.0,0,True,False,tracking,2015-12-04T11:22:52,2018-10-04T21:26:56,2021-03-05T18:21:16,2025-08-12T02:41:42.262825
https://swiftpackageindex.com/rafaelfrancisco-dev/Screws.git,rafaelfrancisco-dev,Screws,My own lib with Swift extensions,0,0,0,Swift,,True,6.0,2,True,False,tracking,2024-01-10T10:56:39,2025-04-17T08:30:03,2025-04-17T08:30:29,2025-08-12T02:41:46.988106
https://swiftpackageindex.com/tannerdsilva/QuickLMDB.git,tannerdsilva,QuickLMDB,Write LMDB databases with ease and flexibility.,6,0,6,Swift,,True,6.0,5,True,False,tracking,2022-04-12T13:32:56,2025-08-02T17:29:49,2025-08-02T17:29:48,2025-08-12T02:41:51.641368
https://swiftpackageindex.com/ReactiveX/RxSwift.git,ReactiveX,RxSwift,Reactive Programming in Swift,24624,4189,24624,Swift,,True,5.5,0,True,False,tracking,2015-04-07T21:25:17,2025-08-12T00:02:22,2025-06-18T01:28:38,2025-08-12T02:41:56.309423
https://swiftpackageindex.com/skyofdwarf/rdxvm.git,skyofdwarf,rdxvm,Redux like ViewModel?,1,0,1,Swift,,True,5.5,2,True,False,tracking,2022-07-08T02:03:16,2023-05-12T06:39:32,2022-11-16T08:56:55,2025-08-12T02:42:01.021139
https://swiftpackageindex.com/FluidGroup/JAYSON.git,FluidGroup,JAYSON,üß± A JSON decoding/encoding library that handles optimistically or strictly.,256,18,256,Swift,,True,6.0,0,True,False,tracking,2016-09-13T10:31:10,2025-08-04T20:36:33,2025-07-14T13:22:59,2025-08-12T02:42:05.693539
https://swiftpackageindex.com/alexito4/ReadingTimePublishPlugin.git,alexito4,ReadingTimePublishPlugin,Reading time estimation plugin for Publish.,30,6,30,Swift,,True,5.5,1,True,False,tracking,2020-01-04T11:07:04,2024-12-17T08:41:57,2022-12-13T20:47:34,2025-08-12T02:42:10.351006
https://swiftpackageindex.com/elegantchaos/BuilderConfiguration.git,elegantchaos,BuilderConfiguration,Configuration support for Builder,0,0,0,Swift,,True,5.2,1,True,False,tracking,2018-03-14T17:16:20,2023-01-27T22:26:51,2022-08-01T12:57:32,2025-08-12T02:42:15.034470
https://swiftpackageindex.com/tesseract-one/WebSocket.swift.git,tesseract-one,WebSocket.swift,Cross-platform WebSocket client implementation based on Swift NIO,19,7,19,Swift,,True,5.4,3,True,False,tracking,2020-12-17T00:32:06,2024-12-20T19:07:27,2022-06-02T11:46:32,2025-08-12T02:42:19.789476
https://swiftpackageindex.com/vapor-community/bits.git,vapor-community,bits,A bite sized library for dealing with bytes.,16,7,16,Swift,,True,3.0,0,True,False,tracking,2017-02-08T11:41:18,2019-06-05T17:32:42,2018-05-24T16:58:02,2025-08-12T02:42:24.951422
https://swiftpackageindex.com/Kitura/Swift-Kuery-ORM.git,Kitura,Swift-Kuery-ORM,"An ORM for Swift, built on Codable",216,30,216,Swift,,True,5.0,3,True,False,tracking,2018-02-19T14:55:27,2025-05-31T07:29:50,2022-04-16T06:24:43,2025-08-12T02:42:29.659437
https://swiftpackageindex.com/pksprojects/ElasticSwift.git,pksprojects,ElasticSwift,Elasticsearch client in swift,47,18,47,Swift,,True,5.0,6,True,False,tracking,2017-05-21T14:36:04,2025-05-28T15:25:53,2023-03-05T20:31:45,2025-08-12T02:42:34.352546
https://swiftpackageindex.com/Zollerboy1/SwiftCommand.git,Zollerboy1,SwiftCommand,"A wrapper around Foundation.Process, inspired by Rust's std::process::Command.",93,6,93,Swift,,True,5.6,3,True,False,tracking,2022-08-13T15:22:32,2025-07-14T08:43:50,2024-06-17T16:31:56,2025-08-12T02:42:39.053306
https://swiftpackageindex.com/subito-it/bariloche.git,subito-it,bariloche,An argument-parsing library designed for building declarative commandline interfaces in Swift,46,4,46,Swift,,True,4.2,1,True,False,tracking,2018-12-19T07:38:49,2023-07-20T20:30:18,2022-02-02T16:31:18,2025-08-12T02:42:43.782140
https://swiftpackageindex.com/Formkunft/swift-openstep-property-list.git,Formkunft,swift-openstep-property-list,Swift package for working with OpenStep-flavor property lists.,0,0,0,Swift,,True,6.1,1,True,False,tracking,2025-07-13T15:29:57,2025-07-13T16:28:20,2025-07-13T16:28:25,2025-08-12T02:42:48.416295
https://swiftpackageindex.com/xtremekforever/testcontainers-swift.git,xtremekforever,testcontainers-swift,,0,0,0,Swift,,True,5.5,2,True,False,tracking,2024-08-24T18:43:11,2025-02-04T22:37:26,2025-02-04T22:37:23,2025-08-12T02:42:53.069724
https://swiftpackageindex.com/crspybits/SwiftAWSSignatureV4.git,crspybits,SwiftAWSSignatureV4,AWS's signature version 4 in cross-platform Swift,0,0,0,Swift,,True,5.2,3,True,False,tracking,2019-02-03T18:48:18,2020-05-30T21:22:21,2020-05-30T21:22:52,2025-08-12T02:42:57.778720
https://swiftpackageindex.com/apple/swift-homomorphic-encryption.git,apple,swift-homomorphic-encryption,Homomorphic Encryption library and applications in Swift,562,39,562,Swift,,True,6.0,8,True,False,tracking,2024-06-17T15:25:24,2025-08-04T07:36:41,2025-07-31T16:42:43,2025-08-12T02:43:02.494596
https://swiftpackageindex.com/SDGGiesbrecht/SDGKeyboardDesign.git,SDGGiesbrecht,SDGKeyboardDesign,Tools for Generating Keyboard Layouts,4,0,4,Swift,,True,5.7,2,True,False,tracking,2019-12-03T21:04:30,2023-02-23T11:58:18,2023-07-26T23:28:11,2025-08-12T02:43:07.170902
https://swiftpackageindex.com/mapbox/mapbox-directions-swift.git,mapbox,mapbox-directions-swift,"Traffic-aware directions and map matching in Swift on iOS, macOS, tvOS, watchOS, and Linux",195,96,195,Swift,,True,5.5,4,True,False,tracking,2014-12-04T21:01:09,2025-08-10T13:31:01,2025-07-10T21:40:10,2025-08-12T02:43:12.003771
https://swiftpackageindex.com/supersonicbyte/deduplicated-sequence-async-stream.git,supersonicbyte,deduplicated-sequence-async-stream,A deduplicated sequence asynchronous stream generated from a closure that calls a continuation to produce new elements.,0,0,0,Swift,,True,6.0,2,True,False,tracking,2025-02-14T23:21:24,2025-02-21T11:45:44,2025-02-21T11:45:41,2025-08-12T02:43:16.661181
https://swiftpackageindex.com/artemnovichkov/shortcuts-mcp-server.git,artemnovichkov,shortcuts-mcp-server,Shortcuts + MCP  = ‚ô•Ô∏è,15,1,15,Swift,,True,6.1,2,True,False,tracking,2025-05-11T12:35:39,2025-08-11T12:39:52,2025-08-11T12:39:49,2025-08-12T02:43:21.233466
https://swiftpackageindex.com/dominicegginton/spinner.git,dominicegginton,spinner,Powerful Swift CLI Spinners,49,6,49,Swift,,True,5.0,3,True,False,tracking,2019-05-06T15:43:55,2025-08-05T15:06:13,2024-08-09T10:51:30,2025-08-12T02:43:25.974831
https://swiftpackageindex.com/jsorge/maverick-models.git,jsorge,maverick-models,,0,0,0,Swift,,True,5.0,1,True,False,tracking,2019-03-04T06:29:23,2019-11-09T18:14:28,2019-11-09T18:14:41,2025-08-12T02:43:30.554008
https://swiftpackageindex.com/apple/swift-nio-imap.git,apple,swift-nio-imap,"A Swift project that provides an implementation of the IMAP4rev1 protocol, built upon SwiftNIO.",126,20,126,Swift,,True,5.7,5,True,False,tracking,2020-02-01T01:01:25,2025-07-30T01:54:04,2025-07-10T12:40:53,2025-08-12T02:43:35.259357
https://swiftpackageindex.com/IBM/swift-sdk-core.git,IBM,swift-sdk-core,Core networking services for the Watson Swift SDK,4,8,4,Swift,,True,4.0,0,True,False,tracking,2019-02-13T03:44:51,2024-07-22T21:28:56,2022-02-10T22:18:18,2025-08-12T02:43:40.035160
https://swiftpackageindex.com/ldstreet/playdocs.git,ldstreet,playdocs,Command line tool for converting Swift Playgrounds to Markdown and HTML.,3,0,3,Swift,,True,4.2,5,True,False,tracking,2018-12-24T20:08:16,2021-12-08T22:21:06,2021-07-04T19:46:02,2025-08-12T02:43:44.611890
https://swiftpackageindex.com/SwiftyLab/AsyncObjects.git,SwiftyLab,AsyncObjects,Several synchronization primitives and task synchronization mechanisms introduced to aid in modern swift concurrency.,59,3,59,Swift,,True,5.6,4,True,False,tracking,2022-07-11T02:33:07,2025-07-23T20:34:57,2023-11-23T11:25:50,2025-08-12T02:43:49.355864
https://swiftpackageindex.com/tuist/SwiftyESBuild.git,tuist,SwiftyESBuild,‚≠êÔ∏è A Swift Package to integrate ESBuild into Swift projects,14,2,14,Swift,,True,5.8,4,True,False,tracking,2023-06-20T07:59:49,2024-11-01T18:10:50,2025-08-11T15:31:15,2025-08-12T02:43:54.334744
https://swiftpackageindex.com/skunkrocker/SwiftExt.git,skunkrocker,SwiftExt,Some Common Swift Extentions,0,0,0,Swift,,True,5.7,3,True,False,tracking,2023-01-08T14:02:38,2023-01-08T14:05:03,2023-01-08T14:29:46,2025-08-12T02:43:58.970917
https://swiftpackageindex.com/drewag/DecreeServices.git,drewag,DecreeServices,Declarations for popular services for use with Decree,4,1,4,Swift,,True,5.0,2,True,False,tracking,2019-07-23T07:32:58,2022-05-04T23:51:14,2021-06-05T05:58:11,2025-08-12T02:44:03.619091
https://swiftpackageindex.com/marmelroy/Zip.git,marmelroy,Zip,Swift framework for zipping and unzipping files.,2565,467,2565,Swift,,True,5.1,0,True,False,tracking,2015-12-13T18:34:14,2025-08-03T18:20:02,2024-08-05T18:42:46,2025-08-12T02:44:08.323126
https://swiftpackageindex.com/ordo-one/package-benchmark.git,ordo-one,package-benchmark,Swift benchmark runner with many performance metrics and great CI support,385,26,385,Swift,,True,5.9,6,True,False,tracking,2022-08-22T13:44:27,2025-08-01T12:50:29,2025-08-04T08:02:33,2025-08-12T02:44:13.167881
https://swiftpackageindex.com/samco182/swiftyxbee.git,samco182,swiftyxbee,‚ö°Ô∏è A Swift library for communicating with XBee radios in API mode,21,2,21,Swift,,True,5.0,1,True,False,tracking,2019-07-22T22:09:19,2024-09-02T06:19:19,2020-01-15T23:26:45,2025-08-12T02:44:17.910293
https://swiftpackageindex.com/Kitura/BlueSocket.git,Kitura,BlueSocket,"Socket framework for Swift using the Swift Package Manager. Works on iOS, macOS, and Linux.",1426,198,1426,Swift,,True,5.0,0,True,False,tracking,2016-02-05T14:35:32,2025-08-11T02:07:17,2022-10-05T22:18:25,2025-08-12T02:44:22.581604
https://swiftpackageindex.com/iainsmith/swift-travis.git,iainsmith,swift-travis,A Travis v3 API client written in Swift,0,0,0,Swift,,True,5.1,2,True,False,tracking,2018-04-17T22:48:55,2020-04-18T09:47:11,2020-04-18T09:47:09,2025-08-12T02:44:27.210521
https://swiftpackageindex.com/OpenSwiftUIProject/OpenBox.git,OpenSwiftUIProject,OpenBox,,4,0,4,C,,True,6.0,2,True,False,tracking,2024-12-14T18:39:33,2025-06-09T16:31:00,2025-08-10T20:27:20,2025-08-12T02:44:31.872793
https://swiftpackageindex.com/stackotter/TOMLKit.git,stackotter,TOMLKit,"A small, simple TOML parser and serializer for Swift. Powered by toml++.",0,0,0,C++,,True,5.4,3,True,False,tracking,2022-03-31T12:07:54,2025-01-15T14:14:00,2025-01-15T14:13:58,2025-08-12T02:44:36.611680
https://swiftpackageindex.com/t-ae/rng-extension.git,t-ae,rng-extension,Swift extension for RandomNumberGenerator,4,0,4,Swift,,True,4.0,1,True,False,tracking,2018-07-02T02:41:04,2020-11-30T06:05:00,2018-07-09T03:48:02,2025-08-12T02:44:41.207682
https://swiftpackageindex.com/RussBaz/cuid2.git,RussBaz,cuid2,cuid2 implemented in swift,4,1,4,Swift,,True,5.10,3,True,False,tracking,2024-05-30T08:46:38,2024-06-12T13:21:40,2024-05-30T10:56:48,2025-08-12T02:44:45.830904
https://swiftpackageindex.com/theBreadCompany/swiftbar.git,theBreadCompany,swiftbar,"I couldn't find a progress bar package, so I created one",0,1,0,Swift,,True,5.0,1,True,False,tracking,2021-11-21T13:22:27,2025-05-08T16:11:29,2023-12-12T22:49:06,2025-08-12T02:44:50.502529
https://swiftpackageindex.com/nikola-mladenovic/AwsSwiftSign.git,nikola-mladenovic,AwsSwiftSign,Swift library for signing AWS URLRequests,6,6,6,Swift,,True,5.2,1,True,False,tracking,2017-07-14T15:11:02,2023-08-21T13:39:56,2020-07-09T18:09:56,2025-08-12T02:44:55.100805
https://swiftpackageindex.com/swift-sprinter/Breeze.git,swift-sprinter,Breeze,A Serverless API Template Generator for Server-Side Swift,0,0,0,Swift,,True,5.7,3,True,False,tracking,2024-03-20T22:43:18,2024-04-04T07:15:30,2024-04-04T07:15:26,2025-08-12T02:44:59.854987
https://swiftpackageindex.com/nikola-mladenovic/AwsSwiftDynamoDBsdk.git,nikola-mladenovic,AwsSwiftDynamoDBsdk,Swift library providing easy access to common DynamoDB operations,6,1,6,Swift,,True,5.2,1,True,False,tracking,2017-07-17T08:47:50,2022-11-15T04:29:55,2020-07-09T18:12:23,2025-08-12T02:45:04.526153
https://swiftpackageindex.com/bdrelling/GoatHerb.git,bdrelling,GoatHerb,Cross-platform Swift library for accessing the public GitHub API.,5,0,5,Swift,,True,5.3,2,True,False,tracking,2022-08-24T02:08:04,2024-01-07T20:45:16,2023-03-29T18:53:23,2025-08-12T02:45:09.123129
https://swiftpackageindex.com/mxcl/chalk.git,mxcl,chalk,Terminal colors using Swift 5‚Äôs string interpolation extensions.,223,8,223,Swift,,True,5.0,0,True,False,tracking,2019-02-20T21:47:00,2025-07-13T16:25:51,2024-02-22T11:50:45,2025-08-12T02:45:13.757453
https://swiftpackageindex.com/thepotatoking55/CGLFW3.git,thepotatoking55,CGLFW3,Swift bindings for GLFW.,7,8,7,Swift,,True,5.10,0,True,False,tracking,2021-04-28T19:19:26,2024-08-19T16:50:46,2024-06-02T17:24:16,2025-08-12T02:45:18.373815
https://swiftpackageindex.com/KeanuPang/fugle-realtime-swift.git,KeanuPang,fugle-realtime-swift,The Swift implementation for Fugle Realtime API client.,2,0,2,Swift,,True,5.6,3,True,False,tracking,2022-05-10T09:50:05,2022-10-25T13:48:48,2022-05-25T09:15:16,2025-08-12T02:45:23.141935
https://swiftpackageindex.com/slashmo/swift-otel-xray.git,slashmo,swift-otel-xray,AWS X-Ray support for Swift OTel,10,3,10,Swift,,True,5.9,2,True,False,tracking,2021-03-31T20:02:24,2025-06-14T09:01:03,2024-12-09T13:34:28,2025-08-12T02:45:27.839276
https://swiftpackageindex.com/davdroman/PeriodDuration.git,davdroman,PeriodDuration,The ISO 8601 period/duration APIs missing in Foundation,30,0,30,Swift,,True,5.7,3,True,False,tracking,2021-09-20T19:40:14,2025-02-12T21:42:21,2023-09-24T17:47:22,2025-08-12T02:45:32.474312
https://swiftpackageindex.com/elegantchaos/CommandShell.git,elegantchaos,CommandShell,Swift framework for building command line tools.,0,0,0,Swift,,True,5.2,4,True,False,tracking,2019-04-25T12:00:47,2022-08-01T12:58:07,2023-04-21T18:03:38,2025-08-12T02:45:37.085005
https://swiftpackageindex.com/llvm-swift/symbolic.git,llvm-swift,symbolic,A Swift library for dynamically loading shared objects ,71,6,71,Swift,,True,4.0,0,True,False,tracking,2017-11-26T02:38:00,2025-03-09T20:28:18,2017-11-26T20:33:57,2025-08-12T02:45:41.743258
https://swiftpackageindex.com/RxSwiftCommunity/RxSwiftExt.git,RxSwiftCommunity,RxSwiftExt,A collection of Rx operators & tools not found in the core RxSwift distribution,1354,216,1354,Swift,,True,5.0,1,True,False,tracking,2016-04-07T11:12:37,2025-08-07T09:50:33,2023-09-20T03:20:20,2025-08-12T02:45:46.404742
https://swiftpackageindex.com/SalehAlbuga/azure-functions-swift.git,SalehAlbuga,azure-functions-swift,Azure Functions in Swift! Purely in Swift!,91,2,91,Swift,,True,5.2,5,True,False,tracking,2019-11-22T17:36:39,2025-06-02T23:07:26,2020-09-22T23:01:18,2025-08-12T02:45:51.025119
https://swiftpackageindex.com/tannerdsilva/SwiftBCrypt.git,tannerdsilva,SwiftBCrypt,Swift package wrapping the OpenWall BCrypt hashing algorithm,3,0,3,Swift,,True,5.0,2,True,False,tracking,2021-11-17T05:08:22,2025-01-30T09:40:42,2021-11-19T04:44:18,2025-08-12T02:45:55.592926
https://swiftpackageindex.com/AlwaysRightInstitute/mustache.git,AlwaysRightInstitute,mustache,A simple Mustache parser/evaluator for Swift,24,6,24,Swift,,True,5.0,0,True,False,tracking,2017-03-07T15:54:47,2025-04-09T07:49:46,2024-10-09T17:50:44,2025-08-12T02:46:00.233807
https://swiftpackageindex.com/loudmouth/Interstellar.git,loudmouth,Interstellar,Simple and lightweight Functional Reactive Coding in Swift for the rest of us,1,0,1,Swift,,True,4.0,0,True,False,tracking,2017-01-03T14:50:56,2018-05-03T13:23:03,2018-05-03T13:23:02,2025-08-12T02:46:04.935785
https://swiftpackageindex.com/peripheryapp/periphery.git,peripheryapp,periphery,A tool to identify unused code in Swift projects.,5803,208,5803,Swift,,True,6.0,8,True,False,tracking,2019-02-10T11:53:24,2025-08-11T14:45:58,2025-07-30T10:25:16,2025-08-12T02:46:09.656419
https://swiftpackageindex.com/mapbox/mapbox-core-maps-ios.git,mapbox,mapbox-core-maps-ios,,17,8,17,Swift,,True,5.7,1,True,False,tracking,2021-01-08T18:05:48,2025-07-17T11:04:36,2025-08-11T04:55:45,2025-08-12T02:46:14.354967
https://swiftpackageindex.com/nsomar/Guaka.git,nsomar,Guaka,The smartest and most beautiful (POSIX compliant) Command line framework for Swift ü§ñ,1150,30,1150,Swift,,True,4.2,1,True,False,tracking,2016-10-30T15:47:29,2025-05-03T20:13:51,2019-10-07T09:08:51,2025-08-12T02:46:19.000013
https://swiftpackageindex.com/swift-server/swift-backtrace.git,swift-server,swift-backtrace,üí• Backtraces for Swift on Linux and Windows,295,34,295,C,,True,5.6,1,True,False,tracking,2019-04-19T10:49:22,2025-07-07T17:35:12,2024-10-28T14:16:40,2025-08-12T02:46:23.748346
https://swiftpackageindex.com/toshi0383/hackscode.git,toshi0383,hackscode,A hacky partner for my life with Xcode,13,0,13,Swift,,True,5.1,3,True,False,tracking,2018-07-06T07:26:14,2020-01-23T08:21:43,2020-01-23T08:21:41,2025-08-12T02:46:28.464991
https://swiftpackageindex.com/Neo4j-Swift/bolt-swift.git,Neo4j-Swift,bolt-swift,Bolt implementation in Swift,9,10,9,Swift,,True,5.2,4,True,False,tracking,2017-11-26T10:45:27,2024-04-19T13:12:27,2022-05-04T06:58:51,2025-08-12T02:46:33.189675
https://swiftpackageindex.com/RxSwiftCommunity/RxGRDB.git,RxSwiftCommunity,RxGRDB,Reactive extensions for SQLite,217,35,217,Swift,,True,6.0,2,True,False,tracking,2017-04-03T18:24:45,2025-08-07T09:50:23,2025-03-15T10:12:52,2025-08-12T02:46:37.905659
https://swiftpackageindex.com/hectr/swift-elementary-cycles.git,hectr,swift-elementary-cycles,Find elementary circuits of a directed graph,1,0,1,Swift,,True,5.0,1,True,False,tracking,2018-09-24T01:12:52,2022-12-27T22:18:32,2019-08-11T17:45:44,2025-08-12T02:46:42.510172
https://swiftpackageindex.com/mrackwitz/Version.git,mrackwitz,Version,Represent and compare versions via semantic versioning (SemVer) in Swift,186,36,186,Swift,,True,5.1,1,True,False,tracking,2014-09-08T13:16:52,2025-07-14T19:32:31,2023-08-15T15:19:17,2025-08-12T02:46:47.190496
https://swiftpackageindex.com/millertechnologyperu/hcitool.git,millertechnologyperu,hcitool,Bluetooth Host Controller Interface Command Line Tool for for sending HCI commands on macOS and Linux,93,11,93,Swift,,True,5.5,2,True,False,tracking,2018-03-26T14:10:08,2025-07-22T10:41:24,2022-05-28T19:30:26,2025-08-12T02:46:51.871449
https://swiftpackageindex.com/swift-server/swift-aws-lambda-runtime.git,swift-server,swift-aws-lambda-runtime,Swift implementation of AWS Lambda Runtime,1179,116,1179,Swift,,True,6.1,4,True,False,tracking,2020-03-03T19:55:32,2025-08-08T12:55:36,2025-08-07T08:51:21,2025-08-12T02:46:56.501107
https://swiftpackageindex.com/ukitaka/XCTAssertUnrecoverable.git,ukitaka,XCTAssertUnrecoverable,Make it possible to test that universal error / logic failure occurs.,8,0,8,Swift,,True,4.1,0,True,False,tracking,2018-05-02T05:32:58,2021-09-03T06:20:27,2018-05-05T05:29:28,2025-08-12T02:47:01.120202
https://swiftpackageindex.com/yonaskolb/Stringly.git,yonaskolb,Stringly,Manage and generate localization files,18,1,18,Swift,,True,5.1,6,True,False,tracking,2019-10-17T05:33:29,2023-12-06T07:17:59,2021-10-26T15:08:19,2025-08-12T02:47:05.891699
https://swiftpackageindex.com/david-livadaru/DLAngle.git,david-livadaru,DLAngle,Provides an abstraction for mathematical angle written in Swift 4.,0,0,0,Swift,,True,4.0,1,True,False,tracking,2017-02-18T12:16:05,2018-03-25T10:22:21,2018-03-25T10:22:19,2025-08-12T02:47:10.488819
https://swiftpackageindex.com/devxoul/RxJSON.git,devxoul,RxJSON,RxSwift wrapper for JSON,33,1,33,Swift,,True,5.0,1,True,False,tracking,2017-05-27T20:47:31,2024-04-11T11:14:13,2019-06-14T11:47:37,2025-08-12T02:47:15.108260
https://swiftpackageindex.com/brightdigit/GampKit.git,brightdigit,GampKit,Google Analytics Measurement Protocol API for Swift,6,2,6,Swift,,True,5.1,7,True,False,tracking,2020-03-05T23:03:49,2025-01-20T07:30:38,2022-01-12T19:00:42,2025-08-12T02:47:19.851093
https://swiftpackageindex.com/Jomy10/SimpleGraph.git,Jomy10,SimpleGraph,Graph database in SQLite for Swift,3,1,3,Swift,,True,6.0,1,True,False,tracking,2025-02-12T20:05:25,2025-07-10T04:19:07,2025-02-17T17:39:28,2025-08-12T02:47:24.491518
https://swiftpackageindex.com/ZeeQL/ZeeQL3Freddy.git,ZeeQL,ZeeQL3Freddy,Freddy JSON support for ZeeQL objects,0,0,0,Swift,,True,4.2,2,True,False,tracking,2017-05-29T20:06:03,2021-01-28T17:32:09,2021-01-28T17:39:28,2025-08-12T02:47:29.224049
https://swiftpackageindex.com/apple/pir-service-example.git,apple,pir-service-example,Example PIR service & documentation for Live Caller ID Lookup & NEURLFilter,182,25,182,Swift,,True,6.0,9,True,False,tracking,2024-06-26T05:47:30,2025-08-11T16:50:32,2025-07-09T04:53:41,2025-08-12T02:47:33.919732
https://swiftpackageindex.com/Balancingrock/SwifterLog.git,Balancingrock,SwifterLog,A framework in Swift to create log entries in up to 5 different types of destinations and at 8 different levels.,8,2,8,Swift,,True,5.0,2,True,False,tracking,2015-03-20T15:14:43,2020-08-19T17:05:33,2020-07-08T08:27:46,2025-08-12T02:47:38.617737
https://swiftpackageindex.com/CombineCommunity/RxCombine.git,CombineCommunity,RxCombine,Bi-directional type bridging between RxSwift and Apple's Combine framework,1044,92,1044,Swift,,True,5.1,1,True,False,tracking,2019-06-11T19:25:48,2025-06-24T01:36:45,2024-04-21T15:21:37,2025-08-12T02:47:43.347910
https://swiftpackageindex.com/pointfreeco/swift-url-routing.git,pointfreeco,swift-url-routing,A bidirectional router with more type safety and less fuss.,385,29,385,Swift,,True,5.7,6,True,False,tracking,2022-05-01T18:39:21,2025-08-07T16:14:32,2025-02-24T18:19:05,2025-08-12T02:47:48.062201
https://swiftpackageindex.com/ChimeHQ/JSONRPC.git,ChimeHQ,JSONRPC,Swift library for JSON-RPC,37,12,37,Swift,,True,5.8,0,True,False,tracking,2021-07-20T14:53:35,2025-05-08T14:28:27,2025-05-08T14:30:17,2025-08-12T02:47:52.736128
https://swiftpackageindex.com/devxoul/ReusableKit.git,devxoul,ReusableKit,Generic reusables for UICollectionView and UITableView,162,37,162,Swift,,True,5.0,1,True,False,tracking,2016-05-25T15:53:42,2025-07-04T07:02:39,2023-07-04T13:42:26,2025-08-12T02:47:57.333501
https://swiftpackageindex.com/KazaKago/StoreFlowable.swift.git,KazaKago,StoreFlowable.swift,Repository pattern support library for Swift with Concurrency.,17,0,17,Swift,,True,5.6,2,True,False,tracking,2020-12-12T01:49:27,2025-02-25T12:27:52,2025-08-11T17:48:54,2025-08-12T02:48:02.006062
https://swiftpackageindex.com/devedbox/commander.git,devedbox,commander,üöÄThe framework to write type-safe and structured command line program easily in Swift. ,168,1,168,Swift,,True,5.3,1,True,False,tracking,2018-07-04T13:38:17,2024-04-19T01:59:52,2020-11-21T05:05:42,2025-08-12T02:48:06.687125
https://swiftpackageindex.com/NozeIO/redi-s.git,NozeIO,redi-s,A performant Redis server implemented in SwiftNIO.,87,0,87,Swift,,True,5.0,2,True,False,tracking,2018-04-12T13:36:54,2025-08-05T03:55:59,2024-01-29T23:27:17,2025-08-12T02:48:11.342005
https://swiftpackageindex.com/SomeRandomiOSDev/CBORCoding.git,SomeRandomiOSDev,CBORCoding,"Easy CBOR encoding and decoding for iOS, macOS, tvOS and watchOS.",55,14,55,Swift,,True,5.0,1,True,False,tracking,2019-06-05T02:02:17,2025-04-02T13:12:22,2025-04-02T13:12:17,2025-08-12T02:48:16.048809
https://swiftpackageindex.com/mikhailmaslo/macro-codable-kit.git,mikhailmaslo,macro-codable-kit,"Efficient, flexible Codable with Swift Macros",38,2,38,Swift,,True,5.9,4,True,False,tracking,2023-09-21T20:04:05,2025-07-04T07:28:21,2024-12-15T20:39:07,2025-08-12T02:48:20.811876
https://swiftpackageindex.com/p-x9/swift-edf.git,p-x9,swift-edf,ü´ÄA Swift package for reading EDF(European Data Format) files,4,0,4,Swift,,True,6.0,1,True,False,tracking,2025-02-08T20:14:00,2025-02-25T16:55:10,2025-02-25T16:59:20,2025-08-12T02:48:25.629320
https://swiftpackageindex.com/polac24/XCBuildAnalyzer.git,polac24,XCBuildAnalyzer,SwiftUI application to analyze Xcode build system graph (Experimental),78,1,78,Swift,,True,5.9,2,True,False,tracking,2023-06-18T18:25:05,2025-06-20T15:54:00,2024-02-09T01:36:01,2025-08-12T02:48:30.269607
https://swiftpackageindex.com/mac-cain13/R.swift.git,mac-cain13,R.swift,"Strong typed, autocompleted resources like images, fonts and segues in Swift projects",9583,781,9583,Swift,,True,5.6,2,True,False,tracking,2014-12-11T21:36:17,2025-08-12T00:03:06,2025-04-01T13:18:36,2025-08-12T02:48:34.877163
https://swiftpackageindex.com/rosecoder/google-cloud-pubsub-swift.git,rosecoder,google-cloud-pubsub-swift,,2,0,2,Swift,,True,6.0,9,True,False,tracking,2025-01-30T07:23:16,2025-08-06T07:50:26,2025-08-06T07:50:23,2025-08-12T02:48:39.530154
https://swiftpackageindex.com/Neo4j-Swift/Neo4j-Swift.git,Neo4j-Swift,Neo4j-Swift,"Open Source Neo4j driver for iOS, tvOS, Linux and macOS",93,14,93,Swift,,True,5.2,1,True,False,tracking,2017-11-26T10:44:27,2025-06-23T04:40:39,2022-03-26T17:32:24,2025-08-12T02:48:44.268482
https://swiftpackageindex.com/onevcat/Rainbow.git,onevcat,Rainbow,Delightful console output for Swift developers.,1895,112,1895,Swift,,True,4.0,0,True,False,tracking,2015-12-23T00:40:29,2025-08-11T07:24:49,2025-07-26T07:25:33,2025-08-12T02:48:48.940427
https://swiftpackageindex.com/nixzhu/Ananda.git,nixzhu,Ananda,JSON model decoding based on yyjson.,84,3,84,Swift,,True,6.0,3,True,False,tracking,2023-01-11T11:38:59,2025-08-11T10:29:12,2025-08-11T10:29:32,2025-08-12T02:48:53.601499
https://swiftpackageindex.com/mapbox/mapbox-common-ios.git,mapbox,mapbox-common-ios,,34,14,34,Swift,,True,5.9,1,True,False,tracking,2021-01-23T01:04:47,2025-07-16T17:45:50,2025-08-11T04:55:42,2025-08-12T02:48:58.326347
https://swiftpackageindex.com/tannerdsilva/RapidLMDB.git,tannerdsilva,RapidLMDB,Fast and efficient LMDB wrapper for Swift.,7,1,7,Swift,,True,5.2,2,True,False,tracking,2021-02-15T06:47:17,2022-11-29T18:55:34,2022-11-29T18:54:58,2025-08-12T02:49:02.923727
https://swiftpackageindex.com/shield-ai-technology/shieldcredit-spm.git,shield-ai-technology,shieldcredit-spm,,1,0,1,Swift,,True,5.5,1,True,False,tracking,2023-07-26T11:05:02,2024-05-09T10:42:47,2024-05-09T10:42:43,2025-08-12T02:49:07.608636
https://swiftpackageindex.com/CmST0us/PeripheryKit.git,CmST0us,PeripheryKit,"A Swift library for peripheral I/O (GPIO, LED, PWM, SPI, I2C, MMIO, Serial) in Linux.",1,0,1,C,,True,5.9,0,True,False,tracking,2024-01-27T18:09:49,2024-12-14T08:19:18,2024-07-01T17:55:26,2025-08-12T02:49:12.289427
https://swiftpackageindex.com/gregcotten/ZIPFoundationModern.git,gregcotten,ZIPFoundationModern,Effortless ZIP Handling in Swift,10,2,10,Swift,,True,5.7,3,True,False,tracking,2022-12-15T15:13:05,2025-05-15T13:49:36,2025-04-06T23:36:47,2025-08-12T02:49:16.928322
https://swiftpackageindex.com/wolfmcnally/WolfStrings.git,wolfmcnally,WolfStrings,A library of conveniences for working with Swift strings and NSAttributed strings.,0,0,0,Swift,,True,5.1,5,True,False,tracking,2018-09-16T00:40:11,2019-12-15T00:34:06,2019-12-15T00:34:17,2025-08-12T02:49:21.514313
https://swiftpackageindex.com/mredig/SwiftSerial.git,mredig,SwiftSerial,A Swift Linux and Mac library for reading and writing to serial ports.,24,6,24,Swift,,True,5.9,1,True,False,tracking,2024-01-24T21:37:47,2025-07-26T16:30:22,2025-03-12T22:04:38,2025-08-12T02:49:26.182458
https://swiftpackageindex.com/SwiftGL/Math.git,SwiftGL,Math,SwiftGL Math Library,64,21,64,Swift,,True,4.0,0,True,False,tracking,2016-02-20T23:17:58,2025-03-03T18:28:21,2020-10-05T16:58:36,2025-08-12T02:49:30.847489
https://swiftpackageindex.com/pvzig/SlackKit.git,pvzig,SlackKit,"Build Slack apps, in Swift",1016,138,1016,Swift,,True,5.3,3,True,False,tracking,2015-09-30T23:28:39,2025-08-07T05:58:27,2022-12-02T13:54:50,2025-08-12T02:49:35.545799
https://swiftpackageindex.com/dastrobu/argtree.git,dastrobu,argtree,Command line argument parser package in Swift.,2,0,2,Swift,,True,5.0,1,True,False,tracking,2018-04-26T18:11:57,2023-01-22T17:53:29,2022-12-08T11:30:34,2025-08-12T02:49:40.203003
https://swiftpackageindex.com/my-mail-ru/swift-benchmark.git,my-mail-ru,swift-benchmark,Benchmark running times of Swift code,1,0,1,Swift,,True,4.0,0,True,False,tracking,2016-09-02T18:54:18,2019-03-17T13:33:45,2017-12-08T19:52:55,2025-08-12T02:49:44.802329
https://swiftpackageindex.com/aydenp/passencoder.git,aydenp,passencoder,Simple PassKit (Apple Wallet) encoding and signing in Swift.,48,13,48,Swift,,True,5.2,2,True,False,tracking,2018-05-06T21:20:50,2025-03-31T21:11:36,2023-06-05T12:51:59,2025-08-12T02:49:49.464105
https://swiftpackageindex.com/frizlab/bsonserialization.git,frizlab,bsonserialization,BSON Serialization in Swift,20,1,20,Swift,,True,5.1,1,True,False,tracking,2016-02-16T22:14:43,2025-07-22T03:10:10,2024-02-01T18:23:31,2025-08-12T02:49:54.069886
https://swiftpackageindex.com/tayloraswift/archer.git,tayloraswift,archer,Compile Swift to WebAssembly üèπ,7,0,7,Swift,,True,6.0,3,True,False,tracking,2025-01-27T01:41:40,2025-03-30T21:56:53,2025-03-30T21:56:49,2025-08-12T02:49:58.712218
https://swiftpackageindex.com/ctreffs/SwiftImGui.git,ctreffs,SwiftImGui,"Swift wrapper around Dear imgui for macOS, iOS, Linux and Windows",166,19,166,C++,,True,5.3,0,True,False,tracking,2019-10-27T05:20:57,2025-07-12T03:15:44,2025-08-11T14:28:52,2025-08-12T02:50:03.398669
https://swiftpackageindex.com/swift-libp2p/swift-multihash.git,swift-libp2p,swift-multihash,Self identifying hashes,2,2,2,Swift,,True,5.5,5,True,False,tracking,2022-05-02T00:52:31,2025-02-28T19:21:17,2025-02-28T19:26:16,2025-08-12T02:50:08.145963
https://swiftpackageindex.com/uraimo/nunchuck.swift.git,uraimo,nunchuck.swift,A Swift Library for the I2C Wii Nunchuck controller.,33,1,33,Swift,,True,4.0,1,True,False,tracking,2017-05-14T09:19:05,2024-04-18T06:31:35,2019-09-26T16:44:34,2025-08-12T02:50:12.784160
https://swiftpackageindex.com/furby-tm/TOMLKit.git,furby-tm,TOMLKit,"A small, simple TOML parser and serializer for Swift. Powered by toml++.",0,0,0,C++,,True,5.4,3,True,False,tracking,2023-12-09T15:45:55,2023-12-09T15:49:38,2023-12-10T17:41:41,2025-08-12T02:50:17.592806
https://swiftpackageindex.com/susandoggie/doggie.git,susandoggie,doggie,A Cross-platform Library for Swift,177,14,177,Swift,,True,5.7,7,True,False,tracking,2015-11-25T02:02:38,2025-08-11T22:50:17,2025-01-02T09:54:26,2025-08-12T02:50:22.228895
https://swiftpackageindex.com/FlineDev/AnyLint.git,FlineDev,AnyLint,Lint anything by combining the power of scripts & regular expressions.,117,4,117,Swift,,True,5.7,2,True,False,tracking,2020-03-07T09:53:32,2025-04-25T12:54:51,2023-04-09T22:14:02,2025-08-12T02:50:27.041540
https://swiftpackageindex.com/ihejunqiu/UserCaches.git,ihejunqiu,UserCaches,A key-value storage cache tool on iOS Platform. Like UserDefaults.,1,1,1,Swift,,True,4.0,1,True,False,tracking,2018-06-05T12:15:35,2019-09-03T04:21:39,2018-06-11T08:47:57,2025-08-12T02:50:31.649347
https://swiftpackageindex.com/iankoex/steampress-core.git,iankoex,steampress-core,,0,0,0,Swift,,True,5.5,5,True,False,tracking,2023-06-12T10:22:30,2023-06-12T10:24:48,2023-08-16T08:59:57,2025-08-12T02:50:36.255179
https://swiftpackageindex.com/kenmaz/swiftoutline.git,kenmaz,swiftoutline,SwiftOutline is a tool to generate relationship graph of iOS ViewControllers,54,0,54,Swift,,True,5.0,3,True,False,tracking,2019-05-28T08:36:22,2023-11-25T09:25:45,2019-06-26T03:41:37,2025-08-12T02:50:41.009733
https://swiftpackageindex.com/markbattistella/relative-urls-publish-plugin.git,markbattistella,relative-urls-publish-plugin,Transform relative paths into web compatible urls,0,0,0,Swift,,True,5.1,1,True,False,tracking,2022-11-11T11:43:08,2022-12-11T06:55:58,2022-11-11T11:45:29,2025-08-12T02:50:45.658925
https://swiftpackageindex.com/dagronf/PPMKit.git,dagronf,PPMKit,"Simple read/write PPM files (P3/P6) in Swift (macOS, iOS, tvOS, watchOS, macCatalyst, Linux)",2,1,2,Swift,,True,5.4,0,True,False,tracking,2022-12-19T08:47:15,2024-08-25T19:12:49,2023-10-22T01:01:05,2025-08-12T02:50:50.244476
https://swiftpackageindex.com/yutailang0119/progressspinnerkit.git,yutailang0119,progressspinnerkit,A library to display an ActivityIndicator for CLI.,43,2,43,Swift,,True,5.9,1,True,False,tracking,2018-07-28T08:05:53,2025-03-17T08:23:25,2025-03-17T08:23:21,2025-08-12T02:50:54.973683
https://swiftpackageindex.com/pointfreeco/sharing-grdb.git,pointfreeco,sharing-grdb,A lightweight replacement for SwiftData and the Query macro.,703,30,703,Swift,,True,6.0,6,True,False,tracking,2024-12-11T22:44:01,2025-08-11T22:35:41,2025-08-11T19:39:41,2025-08-12T02:50:59.684509
https://swiftpackageindex.com/Kitura/Kitura.git,Kitura,Kitura,A Swift web framework and HTTP server.,7633,498,7633,Swift,,True,5.2,7,True,False,tracking,2016-02-08T16:12:21,2025-08-12T00:03:36,2022-10-07T05:43:45,2025-08-12T02:51:04.397130
https://swiftpackageindex.com/Samasaur1/UtilityKit.git,Samasaur1,UtilityKit,A collection of Swift utilities,0,0,0,Swift,,True,4.0,0,True,False,tracking,2018-08-08T20:14:20,2018-10-19T14:25:26,2018-10-19T14:26:35,2025-08-12T02:51:09.101154
https://swiftpackageindex.com/scaraux/Swift-Porter-Stemmer-2.git,scaraux,Swift-Porter-Stemmer-2, :snowman: A Swift wrapper over the Porter Stemmer 2 / libstemmer,14,2,14,C,,True,4.2,0,True,False,tracking,2018-10-16T04:42:31,2025-06-13T00:42:50,2023-02-16T17:40:03,2025-08-12T02:51:13.761131
https://swiftpackageindex.com/MichK1/SwiftExecutionTimer.git,MichK1,SwiftExecutionTimer,The SwiftExecutionTimer package allows you to measure the execution times of specific code segments.,0,0,0,Swift,,True,5.8,0,True,False,tracking,2024-12-17T17:17:28,2025-05-22T20:09:33,2025-05-22T20:16:20,2025-08-12T02:51:18.359404
https://swiftpackageindex.com/elegantchaos/Octoid.git,elegantchaos,Octoid,Just enough Github API to do what I need.,0,0,0,Swift,,True,5.6,4,True,False,tracking,2020-05-27T11:38:17,2022-08-01T13:01:59,2022-11-21T16:58:53,2025-08-12T02:51:23.101913
https://swiftpackageindex.com/objcio/md5.git,objcio,md5,,3,0,3,Swift,,True,5.0,0,True,False,tracking,2019-07-17T07:57:19,2019-08-06T14:42:20,2019-07-17T08:13:23,2025-08-12T02:51:27.747689
https://swiftpackageindex.com/Apodini/swift-log-elk.git,Apodini,swift-log-elk,A logging backend for swift-log that sends logging messages to Logstash (eg. the ELK stack),25,18,25,Swift,,True,5.5,2,True,False,tracking,2021-07-01T13:03:07,2024-08-09T05:42:31,2022-11-12T16:00:16,2025-08-12T02:51:32.454334
https://swiftpackageindex.com/liuliu/dflat.git,liuliu,dflat,Structured Data Store for Mobile,300,10,300,Swift,,True,5.2,6,True,False,tracking,2020-06-25T02:53:38,2025-07-25T17:18:26,2025-07-25T17:18:22,2025-08-12T02:51:37.149931
https://swiftpackageindex.com/natinusala/swift-cutelog.git,natinusala,swift-cutelog,Standard swift-log handler for cutelog,0,0,0,Swift,,True,5.4,3,True,False,tracking,2022-10-08T20:59:22,2022-10-08T21:52:46,2022-10-10T18:56:01,2025-08-12T02:51:41.734982
https://swiftpackageindex.com/phisakel/gtfs-db-swift.git,phisakel,gtfs-db-swift,GTFS sqlite database swift package,3,0,3,Swift,,True,6.0,2,True,False,tracking,2024-12-21T22:53:03,2025-02-24T12:27:45,2024-12-23T20:00:40,2025-08-12T02:51:46.328400
https://swiftpackageindex.com/gavrilaf/seagull.git,gavrilaf,seagull,Swift web framework,3,0,3,Swift,,True,4.0,4,True,False,tracking,2018-04-29T05:39:59,2018-10-31T03:09:26,2022-12-08T02:07:25,2025-08-12T02:51:51.075055
https://swiftpackageindex.com/vapor-community/soto-cognito-authentication.git,vapor-community,soto-cognito-authentication,Authenticating with AWS Cognito for Vapor,18,9,18,Swift,,True,6.0,2,True,False,tracking,2019-11-01T08:40:34,2025-07-17T21:36:52,2024-10-18T07:51:08,2025-08-12T02:51:55.842191
https://swiftpackageindex.com/suransea/mpris-swift.git,suransea,mpris-swift,A library for interacting with MPRIS players,1,0,1,Swift,,True,6.0,2,True,False,tracking,2024-10-08T12:06:51,2024-10-20T13:49:03,2024-10-20T13:49:30,2025-08-12T02:52:00.510835
https://swiftpackageindex.com/dirtyhenry/swift-blocks.git,dirtyhenry,swift-blocks,üß± swift-blocks: A collection of my dependency-free Swift building blocks.,3,0,3,Swift,,True,6.0,0,True,False,tracking,2022-01-19T18:57:35,2025-07-09T08:07:37,2025-07-09T08:07:46,2025-08-12T02:52:05.203612
https://swiftpackageindex.com/sobotics/swiftstack.git,sobotics,swiftstack,A Swift wrapper for the Stack Exchange API,4,1,4,Swift,,True,4.0,0,True,False,tracking,2016-12-02T19:38:02,2020-10-06T19:23:33,2020-08-03T02:05:12,2025-08-12T02:52:10.357588
https://swiftpackageindex.com/basvankuijck/CommandLine.git,basvankuijck,CommandLine,A pure Swift library for creating command-line interfaces,1,0,1,Swift,,True,5.2,0,True,False,tracking,2019-04-05T08:10:44,2024-01-08T11:55:13,2020-05-15T12:23:04,2025-08-12T02:52:15.102835
https://swiftpackageindex.com/bow-swift/SwiftCheck.git,bow-swift,SwiftCheck,QuickCheck for Swift,0,1,0,Swift,,True,5.0,0,True,False,tracking,2020-04-03T10:33:43,2020-04-28T17:22:08,2020-04-28T17:22:06,2025-08-12T02:52:19.816918
https://swiftpackageindex.com/bdrelling/KipplePlugins.git,bdrelling,KipplePlugins,A collection of Swift Package Manager plugins.,10,0,10,Swift,,True,5.7,1,True,False,tracking,2022-07-09T02:16:04,2024-02-29T00:30:51,2024-03-01T21:46:47,2025-08-12T02:52:24.661387
https://swiftpackageindex.com/mkrd/Swift-BigInt.git,mkrd,Swift-BigInt,"A lightweight, Arbitrary Precision Arithmetic Library for Swift!",250,59,250,Swift,,True,4.2,0,True,False,tracking,2016-02-05T10:23:37,2025-08-02T17:43:30,2024-07-27T11:19:55,2025-08-12T02:52:29.353679
https://swiftpackageindex.com/Maxim-Lanskoy/SRM.git,Maxim-Lanskoy,SRM,"SRM is a Swift-based command-line tool designed to manage and monitor applications, inspired by PM2. SRM allows you to start, stop, restart, and monitor processes.",9,1,9,Swift,,True,5.9,2,True,False,tracking,2024-09-10T19:32:33,2025-01-23T21:41:06,2025-01-23T21:44:41,2025-08-12T02:52:33.957490
https://swiftpackageindex.com/netreconlab/parse-server-swift.git,netreconlab,parse-server-swift,Skip the JS and write server-side Parse CloudCode in Swift!,12,3,12,Swift,,True,5.7,2,True,False,tracking,2022-06-20T21:03:29,2025-03-13T00:19:03,2025-07-31T18:40:12,2025-08-12T02:52:38.671168
https://swiftpackageindex.com/Kaiede/PCA9685.git,Kaiede,PCA9685,PCA9685 I2C Driver for Swift,5,3,5,Swift,,True,3.1,0,True,False,tracking,2018-08-14T15:02:09,2021-03-05T11:16:49,2019-11-07T22:23:52,2025-08-12T02:52:43.404453
https://swiftpackageindex.com/bow-swift/bow.git,bow-swift,bow,üèπ Bow is a cross-platform library for Typed Functional Programming in Swift,655,33,655,Swift,,True,5.2,2,True,False,tracking,2018-03-07T15:01:09,2025-07-27T19:20:15,2022-10-09T21:51:49,2025-08-12T02:52:48.064783
https://swiftpackageindex.com/Molbie/Outlaw.git,Molbie,Outlaw,"JSON mapper for macOS, iOS, tvOS, and watchOS",24,3,24,Swift,,True,4.0,0,True,False,tracking,2016-11-26T23:23:55,2021-07-29T21:32:45,2020-04-01T22:41:46,2025-08-12T02:52:52.697369
https://swiftpackageindex.com/xcode-actions/loki-logger.git,xcode-actions,loki-logger,Log handler for swift-log for sending logs to Loki,0,0,0,Swift,,True,5.8,2,True,False,tracking,2024-05-01T19:34:18,2024-11-29T21:02:33,2024-11-29T21:02:29,2025-08-12T02:52:57.376495
https://swiftpackageindex.com/stackotter/jpeg.git,stackotter,jpeg,"decode, inspect, edit, and encode jpeg images in pure swift",0,0,0,Swift,,True,5.5,0,True,False,tracking,2024-09-01T09:33:52,2024-09-09T08:48:10,2024-09-09T08:48:06,2025-08-12T02:53:02.125565
https://swiftpackageindex.com/Bersaelor/SwiftyHYGDB.git,Bersaelor,SwiftyHYGDB,Swift structs representing astronexus HYG star database,9,1,9,Swift,,True,5.2,1,True,False,tracking,2017-09-10T22:48:09,2023-08-22T16:07:12,2020-07-12T21:12:25,2025-08-12T02:53:06.850566
https://swiftpackageindex.com/realtime-sanitizer/RTSanStandaloneSwift.git,realtime-sanitizer,RTSanStandaloneSwift,Standalone RealtimeSanitizer for Swift,10,0,10,Swift,,True,6.0,1,True,False,tracking,2025-02-11T21:48:02,2025-05-09T03:25:06,2025-03-28T10:56:15,2025-08-12T02:53:11.612279
https://swiftpackageindex.com/edgeengineer/cbor.git,edgeengineer,cbor,A CBOR library for Cross Platform Swift Projects,2,1,2,Swift,,True,6.0,0,True,False,tracking,2025-03-24T21:25:22,2025-06-05T02:54:12,2025-06-30T05:25:58,2025-08-12T02:53:16.251375
https://swiftpackageindex.com/MobileNativeFoundation/XCLogParser.git,MobileNativeFoundation,XCLogParser,Tool to parse Xcode and xcodebuild logs stored in the xcactivitylog format,1788,133,1788,Swift,,True,5.5,4,True,False,tracking,2019-05-22T20:40:32,2025-08-11T00:43:34,2025-07-08T07:29:02,2025-08-12T02:53:20.903573
https://swiftpackageindex.com/Boilertalk/telegrambot.swift.git,Boilertalk,telegrambot.swift,A helper tool for creating telegram bots with vapor,7,1,7,Swift,,True,5.2,4,True,False,tracking,2017-08-10T02:07:14,2020-10-24T02:51:22,2020-09-24T21:00:11,2025-08-12T02:53:25.564373
https://swiftpackageindex.com/jpmhouston/RenameCommand.git,jpmhouston,RenameCommand,A ParsableArguments implementation for making minimal rename scripts in Swift,3,0,3,Swift,,True,5.1,3,True,False,tracking,2020-03-20T21:47:47,2025-04-30T08:47:14,2021-01-04T09:09:12,2025-08-12T02:53:30.190279
https://swiftpackageindex.com/envoy/Ambassador.git,envoy,Ambassador,Super lightweight web framework in Swift based on SWSGI,187,47,187,Swift,,True,4.0,1,True,False,tracking,2016-06-10T20:46:44,2025-02-19T16:46:07,2022-12-05T08:13:27,2025-08-12T02:53:35.050411
https://swiftpackageindex.com/sdggiesbrecht/sdgswift.git,sdggiesbrecht,sdgswift,The Swift Compiler As a Package,68,0,68,Swift,,True,5.7,7,True,False,tracking,2018-04-23T03:02:05,2025-01-01T03:24:42,2024-09-08T19:19:16,2025-08-12T02:53:39.778910
https://swiftpackageindex.com/swifweb/webber-tools.git,swifweb,webber-tools,üç¥Shared webber tools for other packages e.g. x-livepreview,0,0,0,Swift,,True,5.7,1,True,False,tracking,2021-06-28T12:13:34,2022-01-29T23:52:15,2023-12-15T00:30:59,2025-08-12T02:53:44.425203
https://swiftpackageindex.com/wolfmcnally/WolfCore.git,wolfmcnally,WolfCore,,3,0,3,Swift,,True,5.1,9,True,False,tracking,2017-07-02T08:35:50,2019-12-15T00:44:33,2019-12-15T00:44:52,2025-08-12T02:53:49.034420
https://swiftpackageindex.com/0xLeif/Cache.git,0xLeif,Cache,"üì¶ A simple, lightweight caching library for Swift.",7,0,7,Swift,,True,6.0,0,True,False,tracking,2023-06-09T18:22:18,2025-07-22T10:45:31,2025-06-04T03:38:05,2025-08-12T02:53:53.732824
https://swiftpackageindex.com/tomasf/Nodal.git,tomasf,Nodal,Cross-platform Swift XML library with a DOM interface,3,0,3,Swift,,True,6.0,0,True,False,tracking,2025-01-20T10:46:58,2025-05-21T07:44:11,2025-04-01T14:43:24,2025-08-12T02:53:58.388177
https://swiftpackageindex.com/Frizlab/URLRequestOperation.git,Frizlab,URLRequestOperation,Using OperationQueue for your URL requests (with a built-in retry mechanism),2,0,2,Swift,,True,5.10,6,True,False,tracking,2023-11-15T14:51:33,2024-12-29T13:13:04,2025-04-09T08:07:35,2025-08-12T02:54:03.071290
https://swiftpackageindex.com/uraimo/SwiftyGPIO.git,uraimo,SwiftyGPIO,A Swift library for hardware projects on Linux/ARM boards with support for GPIOs/SPI/I2C/PWM/UART/1Wire.,1367,142,1367,Swift,,True,5.1,0,True,False,tracking,2016-01-10T17:05:48,2025-08-08T11:48:13,2024-05-02T07:50:51,2025-08-12T02:54:07.685682
https://swiftpackageindex.com/Nef10/Releases.git,Nef10,Releases,A Swift package for resolving released versions from a Git repository,0,0,0,Swift,,True,5.1,2,True,False,tracking,2021-05-16T21:19:28,2021-05-16T21:31:49,2021-05-16T22:15:29,2025-08-12T02:54:12.385452
https://swiftpackageindex.com/SoftwareEngineerChris/MonetaryAmount.git,SoftwareEngineerChris,MonetaryAmount,üíµ A Swift representation of money / monetary amounts and ISO 4217 currency designations - Swift Micro Package,1,0,1,Swift,,True,5.0,3,True,False,tracking,2019-09-11T21:35:35,2024-08-06T20:55:48,2019-10-07T14:26:19,2025-08-12T02:54:16.990770
https://swiftpackageindex.com/davidskrundz/commandline.git,davidskrundz,commandline,Parse arguments and use command-line tools from Swift,0,0,0,Swift,,True,5.0,1,True,False,tracking,2018-10-08T03:21:36,2021-03-11T05:42:20,2021-03-11T05:42:18,2025-08-12T02:54:21.618786
https://swiftpackageindex.com/CoreOffice/CoreXLSX.git,CoreOffice,CoreXLSX,Excel spreadsheet (XLSX) format parser written in pure Swift,869,101,869,Swift,,True,5.1,3,True,False,tracking,2018-10-27T20:55:43,2025-08-07T09:40:02,2024-03-25T09:25:21,2025-08-12T02:54:26.479420
https://swiftpackageindex.com/Wei18/github-rest-api-swift-openapi.git,Wei18,github-rest-api-swift-openapi,Scheduled generated GitHub's REST API Swift code from OpenAPI specification.,17,3,17,Swift,,True,5.9,3,True,False,tracking,2023-12-29T19:33:57,2025-08-05T05:36:11,2025-08-05T05:36:07,2025-08-12T02:54:31.170224
https://swiftpackageindex.com/avito-tech/CommandLineToolkit.git,avito-tech,CommandLineToolkit,Small swift package to create command line tools faster,13,2,13,Swift,,True,5.9,8,True,False,tracking,2020-12-15T10:53:30,2025-04-23T15:23:36,2025-04-23T15:23:33,2025-08-12T02:54:35.844307
https://swiftpackageindex.com/dimakura/sspec.git,dimakura,sspec,Behavior Driven Development in Swift,0,0,0,Swift,,True,4.0,2,True,False,tracking,2017-10-18T20:38:38,2023-09-09T09:44:02,2017-11-07T08:43:51,2025-08-12T02:54:40.517903
https://swiftpackageindex.com/kiliankoe/CLISpinner.git,kiliankoe,CLISpinner,Swifty Terminal Spinner,219,14,219,Swift,,True,5.0,1,True,False,tracking,2017-08-01T16:03:33,2025-03-10T14:47:18,2021-01-24T21:46:43,2025-08-12T02:54:45.180908
https://swiftpackageindex.com/valeriyvan/RaspberryPiSenseHat.git,valeriyvan,RaspberryPiSenseHat,Swift package for Raspberry Pi Sense Hat,3,0,3,Swift,,True,5.1.0,0,True,False,tracking,2020-10-30T22:43:27,2022-05-01T20:45:50,2023-04-19T17:10:18,2025-08-12T02:54:49.871991
https://swiftpackageindex.com/CuriositySoftware/XcodeTargetGraphGen.git,CuriositySoftware,XcodeTargetGraphGen,A Swift tool for generating module dependency graphs from your .xcodeproj.,38,1,38,Swift,,True,5.7,2,True,False,tracking,2023-06-11T10:10:21,2025-02-11T21:21:29,2023-11-05T09:09:11,2025-08-12T02:54:54.593148
https://swiftpackageindex.com/ordo-one/package-concurrency-helpers.git,ordo-one,package-concurrency-helpers,"Various tools needed for concurrency (locks, async stream helpers, ...)",10,1,10,Swift,,True,5.8,0,True,False,tracking,2022-05-05T08:19:37,2025-07-04T11:56:53,2025-07-04T11:56:49,2025-08-12T02:54:59.352544
https://swiftpackageindex.com/a2/swift-shortcuts.git,a2,swift-shortcuts,"An iOS 14 Shortcuts creator written in Swift, inspired by SwiftUI.",397,15,397,Swift,,True,5.2,1,True,False,tracking,2020-06-29T02:26:58,2025-08-01T10:30:44,2023-04-24T03:44:34,2025-08-12T02:55:04.097405
https://swiftpackageindex.com/tuist/ZIPFoundation.git,tuist,ZIPFoundation,Effortless ZIP Handling in Swift,0,0,0,,,True,5.0,0,True,False,tracking,2025-02-04T18:18:16,2025-05-06T23:07:04,2025-02-04T18:21:01,2025-08-12T02:55:08.802623
https://swiftpackageindex.com/SourceDocs/SourceDocs.git,SourceDocs,SourceDocs,Generate Markdown documentation from source code,401,42,401,Swift,,True,5.3,5,True,False,tracking,2017-10-04T23:23:11,2025-05-26T13:14:26,2024-07-31T15:44:47,2025-08-12T02:55:13.571207
https://swiftpackageindex.com/rosecoder/google-cloud-tracing-swift.git,rosecoder,google-cloud-tracing-swift,,1,0,1,Swift,,True,6.0,8,True,False,tracking,2024-10-27T19:06:20,2025-06-20T23:30:29,2025-06-20T23:30:32,2025-08-12T02:55:18.294485
https://swiftpackageindex.com/Tinder/CollectionBuilders.git,Tinder,CollectionBuilders,Swift Result Builders for Array and Set,1,0,1,Swift,,True,5.8,2,True,False,tracking,2023-09-05T23:11:39,2025-01-31T15:09:53,2025-01-26T18:27:30,2025-08-12T02:55:22.989687
https://swiftpackageindex.com/CmST0us/RxShell.git,CmST0us,RxShell,"Launch bash shell in Reactive way, and also provide DSL Interface",0,0,0,Swift,,True,5.9,1,True,False,tracking,2023-11-26T03:47:40,2023-11-26T09:08:28,2023-11-27T09:57:58,2025-08-12T02:55:27.575202
https://swiftpackageindex.com/hjianbo/mqtt.git,hjianbo,mqtt,Pure swift MQTT client,22,7,22,Swift,,True,4.0,1,True,False,tracking,2016-01-18T10:08:11,2025-06-22T13:17:34,2018-02-10T11:35:16,2025-08-12T02:55:32.207327
https://swiftpackageindex.com/jayadamsmorgan/SwiftMsgPack.git,jayadamsmorgan,SwiftMsgPack,MessagePack library for Swift,1,0,1,Swift,,True,5.8,0,True,False,tracking,2024-05-31T15:26:06,2025-06-11T16:38:32,2024-06-12T22:36:55,2025-08-12T02:55:36.840803
https://swiftpackageindex.com/buhe/openai-kit.git,buhe,openai-kit,A community Swift package used to interact with the OpenAI API,0,5,0,Swift,,True,5.7,1,True,False,tracking,2024-01-27T03:45:34,2024-01-29T03:13:03,2024-02-11T11:10:50,2025-08-12T02:55:41.482608
https://swiftpackageindex.com/kaiede/rpilight.git,kaiede,rpilight,24-Hour LED Controller for Raspberry Pi. Aimed at Aquarium Use.,8,0,8,Swift,,True,5.0,7,True,False,tracking,2018-07-24T21:05:12,2022-07-28T22:40:39,2022-01-10T22:12:59,2025-08-12T02:55:46.129934
https://swiftpackageindex.com/nixzhu/AnandaMacros.git,nixzhu,AnandaMacros,Macros for Ananda,2,0,2,Swift,,True,6.0,2,True,False,tracking,2024-06-14T03:57:12,2025-08-11T11:02:29,2025-08-11T11:02:54,2025-08-12T02:55:50.793457
https://swiftpackageindex.com/drewag/SwiftDate.git,drewag,SwiftDate,"Parse, validate, manipulate, and display dates, time and timezones in Swift",0,0,0,Swift,,True,4.0,1,True,False,tracking,2019-10-30T20:56:26,2019-10-30T21:01:21,2019-10-30T21:01:41,2025-08-12T02:55:55.466193
https://swiftpackageindex.com/keithpitsui/paversfrp.git,keithpitsui,paversfrp,A framework that tends to support functional programming in Swift,3,1,3,Swift,,True,4.0,0,True,False,tracking,2018-07-20T09:00:28,2020-05-16T02:38:59,2018-08-04T13:27:06,2025-08-12T02:56:00.175273
https://swiftpackageindex.com/Appsaurus/VaporTestUtils.git,Appsaurus,VaporTestUtils,Basic test utils to make testing Vapor apps a little simpler.,0,0,0,Swift,,True,5.7,2,True,False,tracking,2018-05-21T18:44:49,2025-01-17T22:59:46,2025-01-17T23:00:10,2025-08-12T02:56:04.806072
https://swiftpackageindex.com/handya/TwitterVapor.git,handya,TwitterVapor,Easy Tweeting from a Vapor,2,0,2,Swift,,True,5.2,2,True,False,tracking,2020-05-07T06:06:45,2024-01-30T01:01:39,2020-08-05T03:53:00,2025-08-12T02:56:09.420610
https://swiftpackageindex.com/bdrelling/Structure.git,bdrelling,Structure,A collection of common utilities used across my Vapor (Server-side Swift) websites.,1,0,1,JavaScript,,True,5.7,6,True,False,tracking,2022-07-30T19:17:02,2022-09-15T00:47:48,2023-03-12T03:46:19,2025-08-12T02:56:14.048856
https://swiftpackageindex.com/Appsaurus/Fakery.git,Appsaurus,Fakery,:alien: Swift fake data generator,0,1,0,Swift,,True,4.0,1,True,False,tracking,2018-05-21T19:43:41,2019-05-30T19:13:08,2019-05-30T19:13:10,2025-08-12T02:56:18.702032
https://swiftpackageindex.com/swiftwasm/WasmTransformer.git,swiftwasm,WasmTransformer,"A Swift package for reading, writing, and transformation of WebAssembly binaries",36,1,36,Swift,,True,5.4,1,True,False,tracking,2020-10-14T17:52:00,2025-02-28T08:05:07,2023-03-30T13:02:45,2025-08-12T02:56:23.401865
https://swiftpackageindex.com/johnfairh/steamworks-swift.git,johnfairh,steamworks-swift,Steamworks API in Swift,10,1,10,Swift,,True,6.0,4,True,False,tracking,2021-10-18T11:59:49,2025-05-03T16:02:26,2025-05-03T16:02:29,2025-08-12T02:56:28.061564
https://swiftpackageindex.com/tuist/Rosalind.git,tuist,Rosalind,üì¶ A Swift Package to analyze artifacts generated by Apple's tools,81,3,81,Swift,,True,5.10,7,True,False,tracking,2024-07-21T11:36:52,2025-08-11T16:24:13,2025-08-11T22:42:03,2025-08-12T02:56:32.664411
https://swiftpackageindex.com/LuizZak/TargetDependencyChecker.git,LuizZak,TargetDependencyChecker,A SwiftPM package for figuring out if SwiftPM projects have botched dependency graphs,2,0,2,Swift,,True,5.5,3,True,False,tracking,2019-06-10T23:35:12,2025-05-20T08:47:22,2024-06-29T23:20:43,2025-08-12T02:56:37.271471
https://swiftpackageindex.com/StanfordBDHG/XCTRuntimeAssertions.git,StanfordBDHG,XCTRuntimeAssertions,XCTest extensions to test runtime assertions and preconditions,2,1,2,Swift,,True,6.0,1,True,False,tracking,2023-03-08T01:11:00,2025-05-21T18:31:27,2025-05-21T18:31:46,2025-08-12T02:56:42.082277
https://swiftpackageindex.com/melonamin/SwiftKEF.git,melonamin,SwiftKEF,"A Swift library for controlling KEF wireless speakers (LSX II, LS50 Wireless II, LS60) over the network.",1,0,1,Swift,,True,6.1,1,True,False,tracking,2025-06-02T23:21:10,2025-07-12T19:45:09,2025-07-12T19:45:05,2025-08-12T02:56:46.688212
https://swiftpackageindex.com/runway-org/xcode-cloud-kit.git,runway-org,xcode-cloud-kit,,2,1,2,Swift,,True,5.8,1,True,False,tracking,2024-02-23T16:17:20,2024-03-29T18:49:19,2024-03-27T20:25:59,2025-08-12T02:56:51.311485
https://swiftpackageindex.com/reswifq/reswifq.git,reswifq,reswifq,"Simple, reliable, background processing for Swift",60,0,60,Swift,,True,4.0,1,True,False,tracking,2017-02-26T15:05:14,2024-01-30T10:09:31,2017-12-07T17:42:42,2025-08-12T02:56:56.011304
https://swiftpackageindex.com/ole/Echo.git,ole,Echo,A complete reflection library for Swift,0,1,0,Swift,,True,5.1,1,True,False,tracking,2022-05-23T15:16:08,2022-05-23T15:36:14,2022-05-23T20:14:39,2025-08-12T02:57:00.676344
https://swiftpackageindex.com/drewag/SwiftlierCLI.git,drewag,SwiftlierCLI,Command-Line Swift Enhancements,0,0,0,Swift,,True,5.0,2,True,False,tracking,2019-08-03T03:38:05,2019-10-30T21:02:49,2019-10-30T21:03:01,2025-08-12T02:57:05.262544
https://swiftpackageindex.com/nikstar/spm-argument-parser.git,nikstar,spm-argument-parser,The Package Manager for the Swift Programming Language,0,0,0,Swift,,True,4.2,0,True,False,tracking,2019-08-16T21:36:26,2024-06-24T23:15:26,2019-08-16T22:52:25,2025-08-12T02:57:10.046288
